{
  "0.01": [
    18.7444005973625,
    18.33094059416281,
    18.408428542859156,
    18.330224306796275,
    18.30117473627379,
    19.289155330113612,
    18.263517724446306,
    18.938127662806878,
    18.633304689928995,
    18.684645143614958
  ],
  "0.02": [
    15.637585130106796,
    15.651667315543596,
    15.71017318236704,
    15.179598121496428,
    15.761054898227869,
    15.579321936316616,
    16.06686674247202,
    14.712693237700261,
    15.689340221593833,
    15.505337768938654
  ],
  "0.05": [
    10.455852034711153,
    10.416528001885702,
    10.309331520340335,
    10.087445531054327,
    10.454356956588928,
    10.532144415872123,
    10.363426230490454,
    10.446980194987958,
    10.392535139018031,
    10.492691348461365
  ]
}