{
  "mitigation_metrics": {
    "capacity_reduction": {
      "baseline": {
        "mean": 6.688134539472357,
        "std": 0.18070895010282512,
        "ci_95": 0.15839837865643352,
        "values": [
          6.801210962378193,
          6.428069795106716,
          6.844949123766832,
          6.5701642138084395,
          6.796278602301603
        ]
      },
      "mitigated": {
        "mean": 6.677203176666304,
        "std": 0.08977377925871079,
        "ci_95": 0.07869018702365889,
        "values": [
          6.650768477984096,
          6.8213334825564855,
          6.687379211198761,
          6.578012162280463,
          6.648522549311718
        ]
      },
      "reduction_percent": 0.16344412244606854
    },
    "threshold_analysis": {
      "0.5": {
        "covert_capacity": {
          "mean": 6.716314479074253,
          "std": 0.05957901382665672,
          "ci_95": 0.05222330817993128,
          "values": [
            6.664724915699883,
            6.7183334038448255,
            6.653347188974201,
            6.747725807508617,
            6.797441079343738
          ]
        },
        "normal_latency_impact": {
          "mean": 130.56,
          "std": 52.17382485499793,
          "ci_95": 45.73237385660184,
          "values": [
            93.2,
            204.0,
            77.6,
            163.0,
            115.0
          ]
        }
      },
      "0.55": {
        "covert_capacity": {
          "mean": 6.643445754742818,
          "std": 0.10263437487250411,
          "ci_95": 0.08996299610490127,
          "values": [
            6.780630393981242,
            6.687136836843456,
            6.652182881723653,
            6.507688932465718,
            6.589589728700022
          ]
        },
        "normal_latency_impact": {
          "mean": 128.72,
          "std": 30.608691576086688,
          "ci_95": 26.82970110605036,
          "values": [
            117.0,
            134.0,
            172.0,
            87.6,
            133.0
          ]
        }
      },
      "0.6": {
        "covert_capacity": {
          "mean": 6.542525730007917,
          "std": 0.29404836181308824,
          "ci_95": 0.2577447532691153,
          "values": [
            6.091473127580081,
            6.611785520490419,
            6.442538809921305,
            6.707392085454964,
            6.8594391065928155
          ]
        },
        "normal_latency_impact": {
          "mean": 116.4,
          "std": 42.064296024062976,
          "ci_95": 36.87098113150775,
          "values": [
            69.1,
            166.0,
            127.0,
            143.0,
            76.9
          ]
        }
      },
      "0.7": {
        "covert_capacity": {
          "mean": 6.620581017943901,
          "std": 0.1388147516825326,
          "ci_95": 0.12167649464842331,
          "values": [
            6.561078308381391,
            6.44717638387847,
            6.774266163252746,
            6.751601086401408,
            6.56878314780549
          ]
        },
        "normal_latency_impact": {
          "mean": 131.3,
          "std": 48.73602363755172,
          "ci_95": 42.719008228188066,
          "values": [
            165.0,
            154.0,
            114.0,
            170.0,
            53.5
          ]
        }
      }
    },
    "traffic_impact": {
      "baseline_latency": {
        "mean": 110.86,
        "std": 58.853869881257594,
        "ci_95": 51.58769148702042,
        "values": [
          64.8,
          99.4,
          57.1,
          202.0,
          131.0
        ]
      },
      "mitigated_latency": {
        "mean": 90.76,
        "std": 58.56759342844813,
        "ci_95": 51.33675911235535,
        "values": [
          48.0,
          192.0,
          55.2,
          86.9,
          71.7
        ]
      },
      "added_latency": -20.099999999999994
    }
  },
  "performance_summary": {
    "capacity_reduction_percent": 0.16344412244606854,
    "normal_traffic_impact_ms": -20.099999999999994
  },
  "timestamp": "2025-06-15T17:40:09.362251",
  "experiment_type": "phase4_mitigation_analysis"
}