{
  "delays": [
    0.02,
    0.04,
    0.06,
    0.08,
    0.1
  ],
  "mean_rtts": [
    0.037122010574908514,
    0.0814942032823127,
    0.11706731088100543,
    0.15947186559458412,
    0.19351160689310115
  ],
  "raw_measurements": {
    "0.020": {
      "rtts": [
        0.05239262293619673,
        0.0349132828381054,
        0.05803203312563865,
        0.05842336663529893,
        0.03961491657837211,
        0.017621975650939415,
        0.01476950544158644,
        0.041820647172752135,
        0.04691311511498078,
        0.006718640255214537
      ],
      "delays": [
        0.026196311468098366,
        0.0174566414190527,
        0.029016016562819325,
        0.029211683317649464,
        0.019807458289186054,
        0.008810987825469708,
        0.00738475272079322,
        0.020910323586376067,
        0.02345655755749039,
        0.0033593201276072683
      ]
    },
    "0.040": {
      "rtts": [
        0.08893538771110004,
        0.08786859954091496,
        0.08692394159942839,
        0.0625195933197124,
        0.07925717278816412,
        0.06530094850026207,
        0.07076802523638241,
        0.09020851376110875,
        0.08408129587042219,
        0.09829845217940353,
        0.08227430559854086
      ],
      "delays": [
        0.04446769385555002,
        0.04393429977045748,
        0.04346197079971419,
        0.0312597966598562,
        0.03962858639408206,
        0.03265047425013103,
        0.035384012618191206,
        0.045104256880554375,
        0.042040647935211096,
        0.049149226089701764,
        0.04113715279927043
      ]
    },
    "0.060": {
      "rtts": [
        0.12032595504567001,
        0.10737290645089737,
        0.1141573786379134,
        0.10946918376466758,
        0.11213122236557789,
        0.12110551586717806,
        0.13383780624054584,
        0.11813851867559327
      ],
      "delays": [
        0.060162977522835004,
        0.05368645322544868,
        0.0570786893189567,
        0.05473459188233379,
        0.056065611182788945,
        0.06055275793358903,
        0.06691890312027292,
        0.05906925933779664
      ]
    },
    "0.080": {
      "rtts": [
        0.15813224993139954,
        0.1765498853727882,
        0.15861553482433538,
        0.14406697050991704,
        0.15999468733448044
      ],
      "delays": [
        0.07906612496569977,
        0.0882749426863941,
        0.07930776741216769,
        0.07203348525495852,
        0.07999734366724022
      ]
    },
    "0.100": {
      "rtts": [
        0.1873626169733087,
        0.1996605968128936
      ],
      "delays": [
        0.09368130848665435,
        0.0998302984064468
      ]
    }
  }
}