{
  "delays": [
    0.02,
    0.04,
    0.06,
    0.08,
    0.1
  ],
  "mean_rtts": [
    0.04765325667619613,
    0.0650708274986296,
    0.11486430678570013,
    0.15666199849625057,
    0.18563546228125632
  ],
  "raw_measurements": {
    "0.020": {
      "rtts": [
        0.04435454210485055,
        0.05095197124754172
      ],
      "delays": [
        0.022177271052425274,
        0.02547598562377086
      ]
    },
    "0.040": {
      "rtts": [
        0.06531897640240165,
        0.06482267859485753
      ],
      "delays": [
        0.03265948820120083,
        0.032411339297428766
      ]
    },
    "0.060": {
      "rtts": [
        0.11486430678570013
      ],
      "delays": [
        0.057432153392850065,
        0.06907918780500456
      ]
    },
    "0.080": {
      "rtts": [
        0.16289747317459827,
        0.17983931325699204,
        0.14309468862046534,
        0.14508198173450293,
        0.15239653569469414
      ],
      "delays": [
        0.08144873658729913,
        0.08991965662849602,
        0.07154734431023267,
        0.07254099086725146,
        0.07619826784734707,
        0.087079713618729,
        0.07552851132176655
      ]
    },
    "0.100": {
      "rtts": [
        0.185149045830016,
        0.18612187873249664
      ],
      "delays": [
        0.092574522915008,
        0.09306093936624832,
        0.09870611880847201
      ]
    }
  }
}